{
  "backend": "triton",
  "N": 1048576,
  "dtype": "float32",
  "num_warps": 4,
  "num_stages": 2,
  "mean_ms": 0.04303551979362965,
  "std_ms": 0.001243841634378205,
  "min_ms": 0.041280001401901245,
  "max_ms": 0.048128001391887665,
  "bw_GBps": 292.3843388052348,
  "samples": 50,
  "sm": "sm86",
  "ptx_path": "/workspace/hpc_analysis/artifacts/ptx/vector_add/triton_N1048576_bs256.ptx",
  "sass_path": null
}